seller_id_numeric,avg_review_score_per_seller
0,1.7259552042160737
1,4.415094339622642
2,4.579365079365079
3,4.122822299651568
4,4.451612903225806
5,3.9239766081871346
6,4.230769230769231
7,3.1346153846153846
8,4.044226044226044
9,4.428571428571429
10,3.348207754206291
11,3.902542372881356
12,4.366568914956011
13,4.052631578947368
14,3.854961832061069
15,4.205479452054795
16,4.7272727272727275
17,4.333333333333333
18,3.953216374269006
19,3.6363636363636362
20,3.7699386503067487
21,1.8
22,4.0695748205411375
23,3.995069033530572
24,3.7253086419753085
25,4.0
26,4.357142857142857
27,3.8
28,3.976470588235294
29,3.3684210526315788
30,4.001742160278746
31,4.189873417721519
32,3.991228070175439
33,4.098039215686274
34,4.053846153846154
35,4.266666666666667
36,4.3841059602649
37,4.0517125587642715
38,4.091836734693878
39,4.172413793103448
40,4.527272727272727
41,4.189048239895698
42,4.0
43,4.388461538461539
44,4.642857142857143
45,4.167336010709505
46,4.218836565096953
47,4.3076923076923075
48,4.101604278074866
49,4.156626506024097
50,4.6875
51,4.211206896551724
52,4.15483870967742
53,3.8497554157931515
54,4.340425531914893
55,4.428571428571429
56,4.124137931034483
57,3.9533762057877815
58,4.292929292929293
59,3.8865248226950353
60,4.625
61,4.606060606060606
62,4.233532934131737
63,4.128571428571429
64,3.804232804232804
65,4.073170731707317
66,3.259259259259259
67,4.166666666666667
68,3.6666666666666665
69,4.0285714285714285
70,4.5476190476190474
71,3.9094059405940595
72,2.198529411764706
73,4.517857142857143
74,3.8536585365853657
75,3.803931451612903
76,4.082278481012659
77,3.111111111111111
78,3.7375886524822697
79,4.0
80,3.9523809523809526
81,4.235074626865671
82,4.0
83,4.285714285714286
84,4.71830985915493
85,3.6582278481012658
86,3.744186046511628
87,4.230769230769231
88,4.355263157894737
89,4.285714285714286
90,3.882978723404255
91,3.176470588235294
92,4.13
93,3.8149606299212597
94,4.206489675516224
95,4.0
96,3.7666666666666666
97,4.111111111111111
98,4.473684210526316
99,4.2896174863387975
100,3.887323943661972
101,3.28
102,4.071428571428571
103,4.410256410256411
104,4.262773722627737
105,2.3636363636363638
106,3.9444444444444446
107,4.714285714285714
108,4.071428571428571
109,4.3014925373134325
110,4.285714285714286
111,4.4
112,4.11443661971831
113,4.228571428571429
114,4.173913043478261
115,3.9824016563147
116,4.133333333333334
117,3.9020771513353116
118,4.357142857142857
119,4.16374269005848
120,4.183673469387755
121,4.423529411764706
122,4.161111111111111
123,4.075
124,4.456521739130435
125,3.8396946564885495
126,4.722222222222222
127,4.081081081081081
128,4.0588235294117645
129,3.0681818181818183
130,3.9375
131,4.52
132,4.34375
133,4.568965517241379
134,4.3538461538461535
135,4.176895306859206
136,2.9382716049382718
137,4.344827586206897
138,4.20945945945946
139,4.0
140,3.5510204081632653
141,4.130434782608695
142,3.8958333333333335
143,4.301418439716312
144,4.25
145,4.378378378378378
146,4.1602209944751385
147,3.7246376811594204
148,4.545454545454546
149,5.0
150,4.35
151,4.672413793103448
152,3.89532293986637
153,4.277777777777778
154,3.875
155,4.111111111111111
156,3.966666666666667
157,4.075980392156863
158,4.5
159,4.278225806451613
160,4.285714285714286
161,3.913793103448276
162,3.6842105263157894
163,4.51063829787234
164,4.181308411214953
165,4.131578947368421
166,4.0
167,3.638036809815951
168,4.617021276595745
169,3.598360655737705
170,4.382978723404255
171,3.8137651821862346
172,4.2368421052631575
173,4.083333333333333
174,4.819672131147541
175,4.445859872611465
176,4.483516483516484
177,3.7857142857142856
178,3.7815126050420167
179,4.421052631578948
180,5.0
181,4.097744360902255
182,3.3945578231292517
183,4.357142857142857
184,4.375
185,4.126050420168068
186,3.983050847457627
187,3.111111111111111
188,3.5454545454545454
189,3.8584615384615386
190,4.333333333333333
191,4.215189873417722
192,3.717171717171717
193,4.078740157480315
194,4.0431266846361185
195,3.1666666666666665
196,3.851985559566787
197,4.089743589743589
198,3.839160839160839
199,4.3431372549019605
200,4.149700598802395
201,4.602739726027397
202,4.430678466076696
203,3.5294117647058822
204,4.434285714285714
205,4.00250626566416
206,4.3816793893129775
207,4.333333333333333
208,4.234991423670669
209,4.042168674698795
210,4.46875
211,4.086956521739131
212,3.853281853281853
213,4.446153846153846
214,3.4285714285714284
215,4.077669902912621
216,3.8533333333333335
217,4.666666666666667
218,3.076923076923077
219,3.758241758241758
220,3.7341772151898733
221,4.25
222,4.261363636363637
223,3.8333333333333335
224,4.011627906976744
225,4.173913043478261
226,3.8048780487804876
227,3.6956521739130435
228,3.8652482269503547
229,4.3
230,2.7916666666666665
231,2.3333333333333335
232,1.0
233,4.1722222222222225
234,5.0
235,4.0
236,4.6
237,3.0357142857142856
238,4.045889101338432
239,3.7679558011049723
240,4.1767676767676765
241,3.9442379182156135
242,4.287234042553192
243,4.391891891891892
244,4.266666666666667
245,4.421052631578948
246,4.127659574468085
247,4.25
248,3.5384615384615383
249,4.032258064516129
250,4.3076923076923075
251,4.48
252,4.34020618556701
253,4.181818181818182
254,3.8756476683937824
255,4.336734693877551
256,2.9642857142857144
257,4.391304347826087
258,4.857142857142857
259,3.903225806451613
260,3.8997668997668997
261,3.6875
262,5.0
263,4.923076923076923
264,4.038095238095238
265,4.353982300884955
266,4.348837209302325
267,4.357142857142857
268,3.869565217391304
269,3.643835616438356
270,3.933333333333333
271,4.108333333333333
272,4.0
273,3.5714285714285716
274,4.427272727272728
275,3.8194444444444446
276,4.6
277,4.279411764705882
278,4.054621848739496
279,4.283372365339578
280,4.609756097560975
281,4.256410256410256
282,4.0
283,3.943820224719101
284,4.2745098039215685
285,3.2857142857142856
286,2.5714285714285716
287,4.4772727272727275
288,3.7875
289,3.650943396226415
290,4.117647058823529
291,4.477777777777778
292,4.485714285714286
293,4.159090909090909
294,5.0
295,4.833333333333333
296,3.6666666666666665
297,4.1436170212765955
298,4.139097744360902
299,4.2844827586206895
300,4.070422535211268
301,2.3333333333333335
302,4.237704918032787
303,4.422885572139304
304,4.405405405405405
305,4.1045454545454545
306,4.391304347826087
307,4.344262295081967
308,3.75
309,4.125
310,4.1
311,3.923076923076923
312,4.0
313,4.5
314,4.666666666666667
315,4.2388059701492535
316,4.281767955801105
317,3.3043478260869565
318,3.7916666666666665
319,4.525
320,4.745454545454545
321,3.5714285714285716
322,3.6666666666666665
323,4.0
324,3.4597701149425286
325,4.073170731707317
326,3.8333333333333335
327,3.7291666666666665
328,3.395348837209302
329,3.811320754716981
330,4.387096774193548
331,4.084033613445378
332,3.909090909090909
333,4.559322033898305
334,4.088888888888889
335,4.444444444444445
336,3.994818652849741
337,3.8
338,3.8956521739130436
339,4.0
340,4.0
341,3.76
342,4.206060606060606
343,4.426470588235294
344,3.3333333333333335
345,4.013698630136986
346,1.0
347,4.811594202898551
348,3.9285714285714284
349,4.533333333333333
350,4.3478260869565215
351,4.142857142857143
352,4.226107226107226
353,4.006896551724138
354,4.1
355,4.237113402061856
356,4.242424242424242
357,4.0
358,3.3373493975903616
359,5.0
360,4.0
361,3.784
362,3.9451219512195124
363,3.5
364,4.041666666666667
365,4.165048543689321
366,4.195121951219512
367,4.222222222222222
368,3.5714285714285716
369,4.004739336492891
370,4.388888888888889
371,4.384615384615385
372,4.230769230769231
373,4.346153846153846
374,3.8974358974358974
375,3.3043478260869565
376,3.8181818181818183
377,3.5938628158844765
378,4.454545454545454
379,4.142857142857143
380,3.953125
381,4.046357615894039
382,4.428571428571429
383,4.360730593607306
384,3.4352941176470586
385,3.711864406779661
386,4.666666666666667
387,4.695652173913044
388,3.9951923076923075
389,3.7857142857142856
390,5.0
391,4.423076923076923
392,4.558139534883721
393,3.985074626865672
394,5.0
395,4.041666666666667
396,4.326530612244898
397,4.336842105263158
398,4.129032258064516
399,4.4
400,4.358333333333333
401,4.366666666666666
402,3.6444444444444444
403,3.767857142857143
404,4.384615384615385
405,3.56
406,3.0833333333333335
407,4.297297297297297
408,4.5
409,3.3516129032258064
410,5.0
411,4.205882352941177
412,3.9183673469387754
413,4.054347826086956
414,4.0
415,3.5180722891566263
416,4.019230769230769
417,4.5476190476190474
418,3.888888888888889
419,4.482758620689655
420,4.351351351351352
421,4.196428571428571
422,3.764705882352941
423,3.625
424,4.155555555555556
425,3.8524590163934427
426,4.056603773584905
427,3.8333333333333335
428,4.092105263157895
429,3.923076923076923
430,4.466666666666667
431,4.333333333333333
432,1.0
433,4.558139534883721
434,4.203389830508475
435,4.217391304347826
436,5.0
437,4.25
438,4.081081081081081
439,4.2
440,5.0
441,4.14975845410628
442,5.0
443,3.5258620689655173
444,3.3176470588235296
445,3.68944099378882
446,4.0
447,3.930939226519337
448,4.0
449,4.434782608695652
450,2.0
451,4.333333333333333
452,2.712918660287081
453,3.5492957746478875
454,4.252427184466019
455,4.21875
456,2.5
457,4.580645161290323
458,4.357142857142857
459,4.424242424242424
460,3.0526315789473686
461,5.0
462,4.291666666666667
463,4.0
464,3.75
465,4.333333333333333
466,3.5588235294117645
467,4.666666666666667
468,4.538461538461538
469,2.1
470,3.8
471,4.166666666666667
472,4.2272727272727275
473,4.0
474,4.303370786516854
475,4.888888888888889
476,4.3
477,4.035714285714286
478,3.903225806451613
479,4.044444444444444
480,4.509803921568627
481,4.111111111111111
482,4.558441558441558
483,4.3313953488372094
484,4.2
485,4.2894736842105265
486,3.88
487,3.88
488,4.157894736842105
489,4.213235294117647
490,4.209302325581396
491,4.310344827586207
492,3.3333333333333335
493,4.085714285714285
494,4.089108910891089
495,4.120689655172414
496,4.061224489795919
497,3.9310344827586206
498,4.4
499,4.188235294117647
500,3.765765765765766
501,3.5
502,4.282722513089006
503,3.861842105263158
504,3.9308510638297873
505,3.0
506,3.8536585365853657
507,4.578947368421052
508,4.423076923076923
509,3.9035087719298245
510,4.0476190476190474
511,4.511111111111111
512,4.530864197530864
513,3.6792452830188678
514,4.24
515,4.192139737991266
516,3.6666666666666665
517,4.809523809523809
518,3.967741935483871
519,3.725
520,5.0
521,4.282608695652174
522,4.525
523,4.3076923076923075
524,4.578947368421052
525,4.5
526,4.5
527,4.155555555555556
528,3.95
529,3.9696969696969697
530,4.0
531,3.8
532,4.123809523809523
533,4.438709677419355
534,4.235294117647059
535,4.5
536,4.5
537,3.91
538,4.0
539,5.0
540,3.7142857142857144
541,4.260869565217392
542,4.2368421052631575
543,3.2
544,4.285714285714286
545,4.221153846153846
546,4.25
547,4.2727272727272725
548,3.25
549,4.175438596491228
550,3.8157894736842106
551,3.851063829787234
552,3.897727272727273
553,4.115384615384615
554,4.916666666666667
555,3.7875
556,3.7142857142857144
557,4.447284345047923
558,4.568627450980392
559,4.204545454545454
560,4.714285714285714
561,4.4393939393939394
562,4.222222222222222
563,4.8
564,3.6666666666666665
565,4.357142857142857
566,3.9285714285714284
567,5.0
568,3.760932944606414
569,4.714285714285714
570,4.6
571,4.049180327868853
572,4.777777777777778
573,3.0
574,3.8194444444444446
575,3.92
576,4.383333333333334
577,3.4
578,4.909090909090909
579,3.761904761904762
580,4.26530612244898
581,4.75
582,4.409090909090909
583,3.9411764705882355
584,3.967741935483871
585,3.783333333333333
586,4.473684210526316
587,4.2481481481481485
588,2.6666666666666665
589,3.466666666666667
590,3.7032967032967035
591,2.6666666666666665
592,4.628571428571429
593,3.4696969696969697
594,4.5
595,4.647058823529412
596,3.8
597,4.2894736842105265
598,4.333333333333333
599,4.036496350364963
600,4.0
601,2.6578947368421053
602,4.117647058823529
603,3.0833333333333335
604,4.159151193633952
605,4.016666666666667
606,4.111111111111111
607,4.327586206896552
608,3.111111111111111
609,4.560975609756097
610,3.617021276595745
611,4.260869565217392
612,3.96
613,3.8085106382978724
614,4.333333333333333
615,4.6
616,4.123076923076923
617,5.0
618,3.8636363636363638
619,3.727272727272727
620,3.5
621,3.8333333333333335
622,4.5
623,3.0
624,4.625
625,4.428571428571429
626,4.15625
627,3.7058823529411766
628,3.869565217391304
629,3.7962962962962963
630,4.233333333333333
631,4.25
632,4.185185185185185
633,3.9
634,4.142857142857143
635,4.605263157894737
636,4.0
637,4.384615384615385
638,4.090909090909091
639,3.8944444444444444
640,4.545454545454546
641,3.2
642,4.5
643,4.588235294117647
644,4.112676056338028
645,4.416666666666667
646,4.0625
647,3.8378378378378377
648,4.201923076923077
649,4.254545454545455
650,4.833333333333333
651,4.193548387096774
652,3.7241379310344827
653,4.3858267716535435
654,4.352941176470588
655,4.714285714285714
656,3.763888888888889
657,4.0
658,5.0
659,3.9310344827586206
660,4.4
661,4.384615384615385
662,4.3
663,3.9523809523809526
664,4.8
665,4.27741935483871
666,4.666666666666667
667,4.105263157894737
668,3.2
669,3.6
670,3.808219178082192
671,4.333333333333333
672,4.441860465116279
673,4.4186046511627906
674,3.9444444444444446
675,4.326086956521739
676,4.560975609756097
677,4.0606060606060606
678,3.6857142857142855
679,4.132947976878612
680,4.03
681,4.515151515151516
682,1.0
683,3.925373134328358
684,3.0150375939849625
685,4.310344827586207
686,3.8275862068965516
687,4.375
688,3.880952380952381
689,4.052631578947368
690,4.875
691,5.0
692,4.363636363636363
693,3.528888888888889
694,4.833333333333333
695,3.5
696,4.125
697,3.4615384615384617
698,3.6140350877192984
699,3.9726027397260273
700,4.133720930232558
701,3.5555555555555554
702,4.0
703,4.4
704,4.333333333333333
705,3.0833333333333335
706,5.0
707,4.1
708,4.545454545454546
709,4.541666666666667
710,4.28421052631579
711,4.181818181818182
712,4.0
713,3.71875
714,3.86046511627907
715,3.1666666666666665
716,3.4285714285714284
717,4.277777777777778
718,4.2
719,3.614678899082569
720,1.9230769230769231
721,2.7
722,3.8157894736842106
723,3.8421052631578947
724,3.764705882352941
725,4.4
726,4.232558139534884
727,3.2857142857142856
728,4.023255813953488
729,3.909090909090909
730,4.204081632653061
731,4.015384615384615
732,3.9827586206896552
733,3.3636363636363638
734,3.933333333333333
735,4.153846153846154
736,3.5555555555555554
737,3.909090909090909
738,4.315789473684211
739,4.25
740,4.75
741,4.703703703703703
742,4.545454545454546
743,4.1875
744,3.7
745,1.0
746,4.171717171717172
747,3.073394495412844
748,2.0
749,3.5
750,4.615384615384615
751,3.7
752,4.0
753,4.1
754,4.164285714285715
755,3.7333333333333334
756,4.022471910112359
757,4.129032258064516
758,4.230769230769231
759,4.666666666666667
760,4.571428571428571
761,4.315789473684211
762,4.428571428571429
763,4.571428571428571
764,4.487804878048781
765,3.9655172413793105
766,4.076923076923077
767,4.296296296296297
768,4.0256410256410255
769,3.736842105263158
770,4.25
771,4.142857142857143
772,3.8358208955223883
773,4.081081081081081
774,4.357142857142857
775,4.492307692307692
776,4.291666666666667
777,3.857142857142857
778,4.306666666666667
779,4.185185185185185
780,4.5
781,4.243243243243243
782,4.153846153846154
783,5.0
784,3.0789473684210527
785,3.64
786,3.3333333333333335
787,3.9
788,4.280701754385965
789,4.168949771689498
790,4.315789473684211
791,2.5555555555555554
792,3.8125
793,4.125
794,4.211538461538462
795,1.6666666666666667
796,4.25
797,3.111111111111111
798,4.2272727272727275
799,4.040909090909091
800,4.0
801,3.5454545454545454
802,4.5
803,4.5
804,4.333333333333333
805,3.823529411764706
806,4.777777777777778
807,3.888888888888889
808,4.0
809,4.290322580645161
810,4.351851851851852
811,3.8666666666666667
812,4.1395348837209305
813,4.333333333333333
814,3.0
815,4.6923076923076925
816,3.5555555555555554
817,4.314285714285714
818,3.466666666666667
819,3.75
820,4.208333333333333
821,5.0
822,3.9054054054054053
823,3.2
824,1.0
825,4.0588235294117645
826,4.25
827,3.5
828,2.952830188679245
829,3.8666666666666667
830,4.190476190476191
831,4.523809523809524
832,4.368421052631579
833,4.404761904761905
834,4.2
835,3.176470588235294
836,4.321428571428571
837,4.333333333333333
838,4.395833333333333
839,1.0
840,3.0
841,4.6923076923076925
842,4.0476190476190474
843,4.033333333333333
844,4.75
845,4.027777777777778
846,3.9245283018867925
847,4.611111111111111
848,4.76
849,4.0
850,4.833333333333333
851,3.9375
852,4.121212121212121
853,3.0625
854,4.642857142857143
855,3.75
856,4.166666666666667
857,4.092592592592593
858,4.0
859,4.375
860,3.725
861,4.054545454545455
862,4.5
863,3.9398496240601504
864,3.7222222222222223
865,4.107142857142857
866,4.0
867,4.325
868,3.4705882352941178
869,4.545454545454546
870,4.636363636363637
871,3.8333333333333335
872,3.5714285714285716
873,3.7419354838709675
874,3.6285714285714286
875,2.4
876,4.5
877,4.064516129032258
878,4.0
879,3.857142857142857
880,3.0
881,4.352941176470588
882,3.9504950495049505
883,3.730769230769231
884,4.571428571428571
885,4.4
886,3.659090909090909
887,3.903225806451613
888,4.222222222222222
889,3.8292682926829267
890,4.764705882352941
891,4.2
892,4.063218390804598
893,4.083333333333333
894,4.0
895,3.7676767676767677
896,4.25
897,3.7058823529411766
898,3.0
899,3.935483870967742
900,4.146341463414634
901,4.0625
902,4.909090909090909
903,4.5777777777777775
904,4.131147540983607
905,4.666666666666667
906,4.208955223880597
907,3.84
908,4.444444444444445
909,3.857142857142857
910,4.225
911,3.5714285714285716
912,4.0
913,2.7142857142857144
914,3.870967741935484
915,3.0
916,3.0
917,4.25
918,4.35
919,4.714285714285714
920,4.0
921,5.0
922,3.9411764705882355
923,4.117647058823529
924,4.375
925,4.031746031746032
926,5.0
927,4.26
928,4.203125
929,4.486486486486487
930,4.666666666666667
931,3.7565789473684212
932,3.6666666666666665
933,4.181818181818182
934,2.7142857142857144
935,4.611111111111111
936,3.9722222222222223
937,4.166666666666667
938,4.04054054054054
939,4.7
940,4.416666666666667
941,4.214285714285714
942,4.166666666666667
943,4.666666666666667
944,4.9
945,3.8181818181818183
946,4.0
947,3.772727272727273
948,3.0
949,4.659090909090909
950,2.4285714285714284
951,5.0
952,5.0
953,4.333333333333333
954,4.053571428571429
955,4.095238095238095
956,4.409090909090909
957,5.0
958,4.777777777777778
959,3.787878787878788
960,3.652173913043478
961,4.083333333333333
962,4.068181818181818
963,4.538461538461538
964,4.0
965,4.0
966,4.267605633802817
967,3.727272727272727
968,4.428571428571429
969,4.541666666666667
970,4.928571428571429
971,4.1063829787234045
972,4.3023255813953485
973,3.7
974,4.144444444444445
975,3.5806451612903225
976,3.2
977,4.310344827586207
978,3.8048780487804876
979,5.0
980,4.052631578947368
981,3.9583333333333335
982,4.05
983,4.769230769230769
984,3.875
985,3.5
986,4.545454545454546
987,2.7222222222222223
988,4.153846153846154
989,4.666666666666667
990,4.5
991,3.4583333333333335
992,5.0
993,3.4
994,4.242424242424242
995,4.266666666666667
996,4.48
997,5.0
998,4.263565891472868
999,4.333333333333333
1000,4.333333333333333
1001,3.9297297297297296
1002,4.676470588235294
1003,4.7272727272727275
1004,4.833333333333333
1005,4.733333333333333
1006,4.6
1007,4.75
1008,4.2
1009,5.0
1010,4.277777777777778
1011,4.454545454545454
1012,3.3529411764705883
1013,3.5
1014,4.076923076923077
1015,4.488888888888889
1016,4.961538461538462
1017,4.25
1018,4.409090909090909
1019,4.117647058823529
1020,3.823529411764706
1021,4.5
1022,3.9411764705882355
1023,4.428571428571429
1024,4.777777777777778
1025,2.3333333333333335
1026,4.583333333333333
1027,5.0
1028,4.212121212121212
1029,3.981132075471698
1030,4.166666666666667
1031,4.444444444444445
1032,4.473684210526316
1033,2.6363636363636362
1034,5.0
1035,1.263157894736842
1036,4.1923076923076925
1037,4.625
1038,4.041666666666667
1039,3.566666666666667
1040,3.6363636363636362
1041,3.9285714285714284
1042,3.6666666666666665
1043,5.0
1044,3.727272727272727
1045,4.2
1046,3.7766990291262137
1047,4.235294117647059
1048,4.315789473684211
1049,4.655172413793103
1050,2.9322033898305087
1051,3.4935064935064934
1052,3.869565217391304
1053,4.0
1054,5.0
1055,4.181818181818182
1056,5.0
1057,4.75
1058,1.7222222222222223
1059,3.5774647887323945
1060,4.0
1061,4.464285714285714
1062,4.4
1063,3.6363636363636362
1064,4.666666666666667
1065,3.75
1066,3.75
1067,3.6666666666666665
1068,5.0
1069,3.3684210526315788
1070,4.0
1071,3.896551724137931
1072,4.2
1073,4.0
1074,4.0
1075,3.857142857142857
1076,5.0
1077,4.5
1078,2.6857142857142855
1079,3.397163120567376
1080,4.363636363636363
1081,3.1923076923076925
1082,4.2
1083,4.352941176470588
1084,4.666666666666667
1085,3.3
1086,3.9
1087,4.333333333333333
1088,4.3076923076923075
1089,4.166666666666667
1090,3.857142857142857
1091,4.785714285714286
1092,5.0
1093,4.85
1094,3.5
1095,3.875
1096,4.2
1097,1.0
1098,3.7142857142857144
1099,4.75
1100,4.75
1101,4.5
1102,4.833333333333333
1103,4.166666666666667
1104,4.363636363636363
1105,4.5
1106,4.6875
1107,4.225
1108,5.0
1109,4.0
1110,3.9411764705882355
1111,4.5
1112,4.538461538461538
1113,3.88
1114,4.176470588235294
1115,4.833333333333333
1116,4.571428571428571
1117,3.466666666666667
1118,3.575
1119,4.666666666666667
1120,4.333333333333333
1121,4.214285714285714
1122,4.3125
1123,3.76056338028169
1124,4.18
1125,4.5
1126,4.0
1127,4.473684210526316
1128,3.4444444444444446
1129,4.454545454545454
1130,4.071428571428571
1131,3.7777777777777777
1132,4.5625
1133,4.246376811594203
1134,1.0
1135,3.3333333333333335
1136,3.7777777777777777
1137,2.8
1138,3.814814814814815
1139,4.405063291139241
1140,1.0
1141,4.4
1142,4.0
1143,4.5
1144,3.7058823529411766
1145,4.545454545454546
1146,4.538461538461538
1147,3.8333333333333335
1148,4.609756097560975
1149,4.4
1150,3.0
1151,5.0
1152,4.456521739130435
1153,4.1
1154,5.0
1155,3.6923076923076925
1156,3.44
1157,5.0
1158,4.5
1159,3.888888888888889
1160,3.75
1161,3.4761904761904763
1162,4.333333333333333
1163,3.0
1164,5.0
1165,4.28
1166,3.4
1167,3.9
1168,4.102803738317757
1169,4.304347826086956
1170,4.666666666666667
1171,1.5
1172,4.75
1173,4.714285714285714
1174,3.1315789473684212
1175,4.166666666666667
1176,4.523809523809524
1177,3.9047619047619047
1178,3.9473684210526314
1179,3.9
1180,3.5
1181,4.529411764705882
1182,4.333333333333333
1183,4.6
1184,3.5
1185,4.524590163934426
1186,3.5142857142857142
1187,4.333333333333333
1188,3.0
1189,4.368421052631579
1190,3.6666666666666665
1191,4.125
1192,4.444444444444445
1193,3.5384615384615383
1194,4.625
1195,4.0625
1196,3.0
1197,4.454545454545454
1198,4.666666666666667
1199,4.111111111111111
1200,5.0
1201,3.6842105263157894
1202,4.25
1203,4.404255319148936
1204,1.0
1205,4.7272727272727275
1206,4.555555555555555
1207,4.714285714285714
1208,2.9047619047619047
1209,3.9130434782608696
1210,3.742857142857143
1211,4.0
1212,4.125
1213,4.461538461538462
1214,3.6666666666666665
1215,4.7
1216,4.0
1217,4.0
1218,4.470588235294118
1219,3.909090909090909
1220,4.75
1221,4.0
1222,4.2727272727272725
1223,1.9285714285714286
1224,4.0588235294117645
1225,3.8
1226,3.9
1227,3.7333333333333334
1228,3.843137254901961
1229,3.6666666666666665
1230,4.615384615384615
1231,5.0
1232,4.4
1233,4.193548387096774
1234,4.0588235294117645
1235,4.444444444444445
1236,4.461538461538462
1237,4.8
1238,5.0
1239,4.357142857142857
1240,4.25
1241,4.216867469879518
1242,3.9130434782608696
1243,4.181818181818182
1244,4.392857142857143
1245,4.384615384615385
1246,5.0
1247,4.068965517241379
1248,4.8
1249,4.1923076923076925
1250,3.77027027027027
1251,3.7567567567567566
1252,4.017241379310345
1253,4.0
1254,4.461538461538462
1255,4.5
1256,4.3
1257,4.571428571428571
1258,4.523809523809524
1259,3.125
1260,4.592592592592593
1261,4.8
1262,3.317073170731707
1263,4.114285714285714
1264,4.0
1265,2.5
1266,1.0
1267,5.0
1268,4.333333333333333
1269,4.454545454545454
1270,4.205128205128205
1271,2.75
1272,4.384615384615385
1273,4.25
1274,4.404761904761905
1275,4.375
1276,4.769230769230769
1277,4.277777777777778
1278,3.272727272727273
1279,4.280701754385965
1280,4.117647058823529
1281,3.7
1282,4.171875
1283,4.2682926829268295
1284,4.153846153846154
1285,3.875
1286,4.125
1287,3.5714285714285716
1288,4.9
1289,3.3541666666666665
1290,4.142857142857143
1291,4.6
1292,3.0
1293,4.95
1294,3.1818181818181817
1295,3.8260869565217392
1296,4.5
1297,3.2
1298,4.310344827586207
1299,4.0
1300,3.0
1301,5.0
1302,4.290322580645161
1303,3.5
1304,4.266666666666667
1305,4.354838709677419
1306,3.0
1307,3.5833333333333335
1308,4.090909090909091
1309,3.5238095238095237
1310,2.5
1311,4.555555555555555
1312,4.0
1313,5.0
1314,4.5
1315,2.5555555555555554
1316,2.3333333333333335
1317,3.242424242424242
1318,4.411764705882353
1319,3.375
1320,4.448275862068965
1321,4.857142857142857
1322,4.342105263157895
1323,4.333333333333333
1324,3.0
1325,4.368421052631579
1326,3.9411764705882355
1327,4.142857142857143
1328,4.0
1329,4.428571428571429
1330,4.8
1331,4.375
1332,2.5
1333,4.25
1334,4.071428571428571
1335,3.857142857142857
1336,4.3
1337,5.0
1338,4.8
1339,4.333333333333333
1340,2.5555555555555554
1341,4.352941176470588
1342,3.6666666666666665
1343,4.172413793103448
1344,4.111111111111111
1345,1.0
1346,3.7857142857142856
1347,4.428571428571429
1348,2.2222222222222223
1349,2.5652173913043477
1350,4.214285714285714
1351,2.6666666666666665
1352,4.5
1353,4.54054054054054
1354,3.8181818181818183
1355,4.714285714285714
1356,4.214285714285714
1357,3.4444444444444446
1358,3.6363636363636362
1359,4.0
1360,3.5714285714285716
1361,1.0
1362,4.133333333333334
1363,2.625
1364,4.5
1365,4.75
1366,5.0
1367,4.166666666666667
1368,2.2857142857142856
1369,5.0
1370,3.6666666666666665
1371,4.294117647058823
1372,3.933333333333333
1373,4.8
1374,3.3333333333333335
1375,4.4
1376,3.8333333333333335
1377,4.6
1378,4.133333333333334
1379,3.5
1380,3.625
1381,2.6666666666666665
1382,3.142857142857143
1383,4.181818181818182
1384,3.25
1385,3.8823529411764706
1386,4.5
1387,3.0
1388,3.3684210526315788
1389,4.823529411764706
1390,4.5625
1391,3.875
1392,4.285714285714286
1393,4.2727272727272725
1394,4.545454545454546
1395,4.666666666666667
1396,4.8125
1397,3.5714285714285716
1398,4.214285714285714
1399,4.0
1400,4.444444444444445
1401,4.6521739130434785
1402,4.081967213114754
1403,4.454545454545454
1404,4.111111111111111
1405,4.625
1406,1.0
1407,4.28125
1408,4.125
1409,3.6470588235294117
1410,5.0
1411,3.6
1412,4.086956521739131
1413,4.166666666666667
1414,4.033333333333333
1415,3.9
1416,3.9
1417,2.95
1418,4.428571428571429
1419,4.166666666666667
1420,4.0
1421,4.0
1422,3.6666666666666665
1423,4.75
1424,3.0
1425,4.181818181818182
1426,3.5714285714285716
1427,4.0588235294117645
1428,3.888888888888889
1429,4.428571428571429
1430,3.6666666666666665
1431,4.090909090909091
1432,4.375
1433,4.222222222222222
1434,3.6666666666666665
1435,3.566666666666667
1436,3.0
1437,4.5
1438,4.4375
1439,3.3333333333333335
1440,4.0
1441,4.6
1442,4.6
1443,1.0
1444,4.2727272727272725
1445,3.3076923076923075
1446,4.625
1447,4.555555555555555
1448,3.176470588235294
1449,4.75
1450,4.375
1451,4.0
1452,4.0
1453,4.375
1454,4.25
1455,4.2
1456,3.88
1457,4.625
1458,3.7857142857142856
1459,4.25
1460,4.277777777777778
1461,4.75
1462,3.6206896551724137
1463,4.421052631578948
1464,4.2
1465,3.7777777777777777
1466,4.222222222222222
1467,5.0
1468,5.0
1469,4.625
1470,4.0
1471,3.9310344827586206
1472,3.0
1473,4.4
1474,3.235294117647059
1475,4.461538461538462
1476,3.5
1477,5.0
1478,4.2
1479,4.173913043478261
1480,4.428571428571429
1481,3.923076923076923
1482,4.043478260869565
1483,4.555555555555555
1484,3.5625
1485,2.5
1486,4.0
1487,5.0
1488,4.5625
1489,3.125
1490,2.6666666666666665
1491,4.5
1492,4.62962962962963
1493,3.6
1494,4.666666666666667
1495,3.0
1496,3.2
1497,2.5
1498,4.2727272727272725
1499,4.5
1500,3.857142857142857
1501,4.0
1502,4.222222222222222
1503,3.6666666666666665
1504,4.666666666666667
1505,4.333333333333333
1506,4.105263157894737
1507,3.3333333333333335
1508,4.166666666666667
1509,3.9
1510,2.0
1511,4.625
1512,4.333333333333333
1513,3.6666666666666665
1514,4.444444444444445
1515,3.6363636363636362
1516,1.0
1517,3.0
1518,4.285714285714286
1519,4.5
1520,4.285714285714286
1521,4.75
1522,3.925925925925926
1523,4.0
1524,3.6363636363636362
1525,5.0
1526,4.5
1527,2.4166666666666665
1528,4.083333333333333
1529,2.6875
1530,5.0
1531,3.810810810810811
1532,3.0
1533,3.125
1534,4.75
1535,4.0
1536,4.714285714285714
1537,3.1333333333333333
1538,2.2
1539,4.833333333333333
1540,5.0
1541,4.380952380952381
1542,4.428571428571429
1543,3.25
1544,3.75
1545,3.8333333333333335
1546,4.636363636363637
1547,5.0
1548,4.5
1549,4.0
1550,4.166666666666667
1551,4.363636363636363
1552,5.0
1553,3.9393939393939394
1554,4.4375
1555,4.166666666666667
1556,3.9565217391304346
1557,3.9285714285714284
1558,4.5
1559,4.0
1560,4.428571428571429
1561,4.125
1562,4.214285714285714
1563,4.5
1564,4.636363636363637
1565,4.518518518518518
1566,4.463414634146342
1567,4.8
1568,4.818181818181818
1569,3.4444444444444446
1570,4.5
1571,2.769230769230769
1572,3.5
1573,4.8
1574,3.774193548387097
1575,4.2
1576,5.0
1577,3.5789473684210527
1578,3.88
1579,3.7777777777777777
1580,3.0
1581,4.444444444444445
1582,3.4107142857142856
1583,2.3333333333333335
1584,3.0
1585,4.818181818181818
1586,4.818181818181818
1587,4.0
1588,4.391304347826087
1589,3.2
1590,4.5
1591,4.5
1592,5.0
1593,3.9565217391304346
1594,4.8
1595,3.8461538461538463
1596,4.125
1597,4.428571428571429
1598,4.2727272727272725
1599,2.6
1600,4.5
1601,4.222222222222222
1602,4.3076923076923075
1603,3.6666666666666665
1604,2.3636363636363638
1605,1.0
1606,4.166666666666667
1607,3.5714285714285716
1608,4.0625
1609,4.428571428571429
1610,4.136363636363637
1611,4.142857142857143
1612,4.0
1613,4.166666666666667
1614,4.7
1615,3.375
1616,2.0
1617,4.014705882352941
1618,3.4
1619,4.407407407407407
1620,4.6
1621,4.6
1622,2.0
1623,4.128205128205129
1624,4.777777777777778
1625,1.0
1626,4.607142857142857
1627,4.0
1628,3.982142857142857
1629,3.25
1630,4.8
1631,4.35
1632,2.0
1633,2.0
1634,4.0
1635,4.0
1636,4.0
1637,2.5
1638,4.105263157894737
1639,4.285714285714286
1640,3.0
1641,3.6666666666666665
1642,4.25
1643,3.0
1644,5.0
1645,4.25
1646,4.038461538461538
1647,4.5
1648,5.0
1649,5.0
1650,5.0
1651,2.3333333333333335
1652,4.0
1653,3.5
1654,4.666666666666667
1655,4.333333333333333
1656,3.888888888888889
1657,4.0
1658,4.142857142857143
1659,4.133333333333334
1660,4.5
1661,5.0
1662,3.5
1663,3.5
1664,4.222222222222222
1665,5.0
1666,4.5
1667,4.5
1668,4.416666666666667
1669,3.7
1670,5.0
1671,4.2727272727272725
1672,3.4782608695652173
1673,4.555555555555555
1674,1.0
1675,3.6666666666666665
1676,3.0
1677,4.333333333333333
1678,3.857142857142857
1679,4.6
1680,4.25
1681,4.0
1682,5.0
1683,4.3
1684,4.4
1685,4.0
1686,2.0
1687,4.545454545454546
1688,4.0
1689,4.2
1690,4.956521739130435
1691,3.6666666666666665
1692,4.8
1693,1.375
1694,3.625
1695,4.0
1696,2.8
1697,4.333333333333333
1698,4.375
1699,4.03030303030303
1700,4.285714285714286
1701,5.0
1702,3.8214285714285716
1703,4.069767441860465
1704,4.0
1705,3.75
1706,1.0
1707,1.0
1708,4.333333333333333
1709,1.0
1710,2.3333333333333335
1711,4.454545454545454
1712,3.5
1713,3.9545454545454546
1714,2.4285714285714284
1715,3.88
1716,2.6666666666666665
1717,2.3333333333333335
1718,5.0
1719,4.5
1720,4.2
1721,4.636363636363637
1722,3.0
1723,4.428571428571429
1724,4.25
1725,4.571428571428571
1726,4.0
1727,3.263157894736842
1728,3.142857142857143
1729,4.428571428571429
1730,4.666666666666667
1731,4.25
1732,4.714285714285714
1733,4.333333333333333
1734,5.0
1735,5.0
1736,5.0
1737,5.0
1738,2.3333333333333335
1739,4.625
1740,5.0
1741,2.5
1742,3.0
1743,4.75
1744,3.5
1745,4.333333333333333
1746,3.2
1747,3.65
1748,3.8181818181818183
1749,4.666666666666667
1750,3.65
1751,3.8333333333333335
1752,4.142857142857143
1753,3.8333333333333335
1754,5.0
1755,4.0
1756,3.090909090909091
1757,4.333333333333333
1758,4.777777777777778
1759,4.571428571428571
1760,4.428571428571429
1761,5.0
1762,3.1538461538461537
1763,4.333333333333333
1764,4.0
1765,4.0
1766,1.0
1767,1.0
1768,3.1875
1769,2.0
1770,2.3333333333333335
1771,5.0
1772,5.0
1773,4.5
1774,5.0
1775,3.8
1776,2.5
1777,3.769230769230769
1778,4.0
1779,3.8333333333333335
1780,3.0
1781,2.75
1782,5.0
1783,4.25
1784,4.8
1785,1.0
1786,3.75
1787,4.5
1788,4.125
1789,3.6666666666666665
1790,2.6666666666666665
1791,4.454545454545454
1792,4.0
1793,4.5
1794,4.473684210526316
1795,4.4
1796,1.6666666666666667
1797,1.0
1798,4.2727272727272725
1799,3.3333333333333335
1800,4.416666666666667
1801,3.0
1802,4.833333333333333
1803,5.0
1804,4.363636363636363
1805,4.777777777777778
1806,5.0
1807,3.6666666666666665
1808,4.375
1809,4.75
1810,3.9
1811,1.5
1812,5.0
1813,3.9375
1814,3.6666666666666665
1815,1.0
1816,4.625
1817,4.666666666666667
1818,3.6666666666666665
1819,4.0
1820,1.4
1821,4.222222222222222
1822,3.0
1823,4.466666666666667
1824,4.5
1825,4.5
1826,1.0
1827,4.2592592592592595
1828,4.375
1829,4.2
1830,1.0
1831,3.727272727272727
1832,2.0
1833,3.3157894736842106
1834,4.666666666666667
1835,2.0
1836,4.625
1837,4.888888888888889
1838,4.5
1839,3.8823529411764706
1840,4.0
1841,4.833333333333333
1842,3.3333333333333335
1843,2.3333333333333335
1844,4.166666666666667
1845,4.666666666666667
1846,5.0
1847,4.666666666666667
1848,2.3333333333333335
1849,4.695652173913044
1850,1.0
1851,2.6666666666666665
1852,4.555555555555555
1853,2.6666666666666665
1854,5.0
1855,3.5294117647058822
1856,4.857142857142857
1857,4.5
1858,4.071428571428571
1859,4.785714285714286
1860,4.666666666666667
1861,4.0
1862,4.636363636363637
1863,4.0
1864,5.0
1865,2.0
1866,5.0
1867,4.166666666666667
1868,3.625
1869,5.0
1870,5.0
1871,3.933333333333333
1872,4.277777777777778
1873,4.333333333333333
1874,4.2
1875,3.727272727272727
1876,2.3333333333333335
1877,4.857142857142857
1878,4.857142857142857
1879,3.888888888888889
1880,4.833333333333333
1881,3.0
1882,3.4
1883,4.333333333333333
1884,3.0
1885,5.0
1886,4.5
1887,5.0
1888,5.0
1889,4.75
1890,3.1538461538461537
1891,4.6
1892,4.5
1893,3.0
1894,3.769230769230769
1895,5.0
1896,5.0
1897,4.333333333333333
1898,5.0
1899,5.0
1900,2.642857142857143
1901,5.0
1902,4.666666666666667
1903,3.6666666666666665
1904,3.5
1905,5.0
1906,4.3
1907,3.5
1908,5.0
1909,5.0
1910,5.0
1911,4.333333333333333
1912,4.0
1913,3.857142857142857
1914,4.2
1915,4.5
1916,4.666666666666667
1917,4.777777777777778
1918,4.333333333333333
1919,3.5
1920,3.8181818181818183
1921,4.583333333333333
1922,4.1
1923,4.5
1924,5.0
1925,4.9
1926,3.6538461538461537
1927,5.0
1928,4.0
1929,4.545454545454546
1930,4.888888888888889
1931,4.4
1932,1.0
1933,5.0
1934,4.666666666666667
1935,5.0
1936,1.0
1937,3.75
1938,3.1666666666666665
1939,3.888888888888889
1940,4.0
1941,4.0
1942,5.0
1943,4.363636363636363
1944,4.5
1945,4.545454545454546
1946,3.0
1947,1.3333333333333333
1948,3.3846153846153846
1949,5.0
1950,4.6
1951,3.6666666666666665
1952,4.5
1953,3.0
1954,4.166666666666667
1955,2.5
1956,3.5
1957,3.6666666666666665
1958,3.2222222222222223
1959,4.818181818181818
1960,3.9
1961,4.75
1962,5.0
1963,4.363636363636363
1964,2.3333333333333335
1965,5.0
1966,5.0
1967,4.2727272727272725
1968,2.7142857142857144
1969,3.5454545454545454
1970,2.75
1971,4.34375
1972,4.333333333333333
1973,2.75
1974,5.0
1975,4.4
1976,5.0
1977,3.5
1978,4.555555555555555
1979,4.428571428571429
1980,4.333333333333333
1981,4.291666666666667
1982,4.666666666666667
1983,3.7777777777777777
1984,4.25
1985,4.714285714285714
1986,1.8333333333333333
1987,4.6875
1988,5.0
1989,3.75
1990,4.8
1991,4.5625
1992,3.875
1993,4.190476190476191
1994,4.285714285714286
1995,4.428571428571429
1996,3.75
1997,5.0
1998,4.5
1999,4.166666666666667
2000,3.6666666666666665
2001,1.0
2002,4.666666666666667
2003,4.8
2004,4.730769230769231
2005,3.2
2006,2.4
2007,3.2
2008,4.3
2009,4.0
2010,3.8
2011,3.0
2012,3.7777777777777777
2013,4.25
2014,4.666666666666667
2015,5.0
2016,4.0
2017,4.454545454545454
2018,5.0
2019,4.5
2020,4.25
2021,3.25
2022,4.7
2023,4.75
2024,4.375
2025,4.625
2026,4.333333333333333
2027,3.6666666666666665
2028,1.0
2029,5.0
2030,4.8
2031,4.5
2032,4.470588235294118
2033,4.0
2034,4.4
2035,4.416666666666667
2036,3.0
2037,5.0
2038,1.0
2039,4.130434782608695
2040,2.142857142857143
2041,5.0
2042,5.0
2043,4.5
2044,4.0
2045,3.3076923076923075
2046,5.0
2047,3.875
2048,4.125
2049,4.0
2050,2.5
2051,5.0
2052,5.0
2053,1.0
2054,4.4
2055,2.909090909090909
2056,4.0
2057,4.875
2058,3.8
2059,4.0
2060,4.4
2061,3.8333333333333335
2062,4.7
2063,3.3333333333333335
2064,2.909090909090909
2065,1.5
2066,3.6666666666666665
2067,2.0
2068,4.0
2069,3.0
2070,4.8
2071,5.0
2072,4.5
2073,3.6923076923076925
2074,5.0
2075,4.0
2076,2.5555555555555554
2077,4.5
2078,5.0
2079,3.75
2080,3.75
2081,4.0
2082,3.6
2083,4.6
2084,2.857142857142857
2085,3.9
2086,5.0
2087,4.75
2088,3.875
2089,5.0
2090,4.444444444444445
2091,5.0
2092,5.0
2093,4.230769230769231
2094,4.4
2095,4.75
2096,3.75
2097,2.7142857142857144
2098,5.0
2099,5.0
2100,5.0
2101,4.75
2102,4.5
2103,5.0
2104,5.0
2105,4.75
2106,5.0
2107,3.4285714285714284
2108,3.9411764705882355
2109,4.4
2110,3.6666666666666665
2111,4.5
2112,2.0
2113,4.333333333333333
2114,2.933333333333333
2115,4.428571428571429
2116,2.727272727272727
2117,2.466666666666667
2118,4.2727272727272725
2119,3.0
2120,4.777777777777778
2121,5.0
2122,5.0
2123,5.0
2124,3.75
2125,4.714285714285714
2126,3.9166666666666665
2127,5.0
2128,4.1
2129,2.6
2130,4.0
2131,5.0
2132,3.5
2133,2.0
2134,5.0
2135,4.0
2136,4.0
2137,5.0
2138,4.8
2139,4.466666666666667
2140,3.3333333333333335
2141,4.25
2142,3.5
2143,2.4
2144,1.0
2145,3.8
2146,4.75
2147,4.8
2148,1.0
2149,4.375
2150,2.3333333333333335
2151,2.5
2152,5.0
2153,2.6666666666666665
2154,4.5
2155,5.0
2156,4.0
2157,4.857142857142857
2158,4.090909090909091
2159,3.8333333333333335
2160,3.4
2161,5.0
2162,4.5
2163,2.5
2164,5.0
2165,1.0
2166,4.75
2167,3.0
2168,5.0
2169,5.0
2170,4.8
2171,5.0
2172,4.75
2173,4.2
2174,4.0
2175,3.5
2176,5.0
2177,4.888888888888889
2178,2.0
2179,2.3333333333333335
2180,5.0
2181,4.0
2182,1.0
2183,5.0
2184,4.0
2185,5.0
2186,2.5
2187,5.0
2188,5.0
2189,4.8
2190,4.444444444444445
2191,4.8
2192,3.6
2193,5.0
2194,2.75
2195,3.125
2196,3.6666666666666665
2197,2.25
2198,3.5714285714285716
2199,4.7
2200,4.5
2201,3.25
2202,5.0
2203,1.0
2204,1.0
2205,3.5625
2206,4.5
2207,4.833333333333333
2208,5.0
2209,4.846153846153846
2210,5.0
2211,5.0
2212,4.4
2213,4.4
2214,5.0
2215,2.75
2216,2.0
2217,4.0
2218,5.0
2219,5.0
2220,4.166666666666667
2221,5.0
2222,5.0
2223,4.625
2224,4.5
2225,1.6666666666666667
2226,5.0
2227,2.0
2228,5.0
2229,3.0
2230,5.0
2231,4.0
2232,5.0
2233,4.857142857142857
2234,4.666666666666667
2235,5.0
2236,4.5
2237,4.7272727272727275
2238,5.0
2239,3.2
2240,5.0
2241,4.8
2242,4.222222222222222
2243,4.0
2244,5.0
2245,5.0
2246,4.0
2247,4.0
2248,4.5
2249,5.0
2250,5.0
2251,5.0
2252,3.0
2253,4.0
2254,5.0
2255,3.5714285714285716
2256,4.875
2257,2.5
2258,5.0
2259,2.0
2260,3.5
2261,4.333333333333333
2262,5.0
2263,5.0
2264,1.0
2265,4.111111111111111
2266,4.0
2267,2.5
2268,4.5
2269,4.666666666666667
2270,5.0
2271,4.222222222222222
2272,4.0
2273,4.0
2274,4.666666666666667
2275,4.0
2276,3.888888888888889
2277,1.0
2278,1.0
2279,4.333333333333333
2280,3.8
2281,4.0
2282,5.0
2283,3.0
2284,1.0
2285,1.0
2286,5.0
2287,2.0
2288,5.0
2289,2.6666666666666665
2290,2.5
2291,4.0
2292,1.0
2293,5.0
2294,5.0
2295,4.125
2296,3.4285714285714284
2297,3.8
2298,5.0
2299,1.0
2300,4.090909090909091
2301,3.5
2302,5.0
2303,5.0
2304,5.0
2305,5.0
2306,5.0
2307,5.0
2308,4.5
2309,5.0
2310,
2311,3.3333333333333335
2312,5.0
2313,4.0
2314,4.5
2315,4.8
2316,2.3333333333333335
2317,2.0
2318,4.866666666666666
2319,4.8
2320,1.0
2321,5.0
2322,4.0
2323,5.0
2324,5.0
2325,1.0
2326,5.0
2327,5.0
2328,1.0
2329,4.0
2330,3.0
2331,5.0
2332,5.0
2333,3.0
2334,4.0
2335,4.5
2336,4.666666666666667
2337,1.0
2338,4.333333333333333
2339,4.75
2340,3.625
2341,4.75
2342,3.0
2343,3.0
2344,4.0
2345,5.0
2346,5.0
2347,5.0
2348,5.0
2349,1.0
2350,4.6
2351,4.666666666666667
2352,4.6
2353,3.4
2354,3.0833333333333335
2355,3.0
2356,4.0
2357,4.0
2358,3.6666666666666665
2359,3.625
2360,5.0
2361,5.0
2362,5.0
2363,1.0
2364,4.5
2365,3.8
2366,3.5
2367,1.0
2368,4.333333333333333
2369,5.0
2370,5.0
2371,4.0
2372,1.0
2373,1.0
2374,1.0
2375,4.5
2376,4.3125
2377,3.8
2378,4.0
2379,4.363636363636363
2380,4.5
2381,4.0
2382,4.0
2383,4.0
2384,4.0
2385,2.5
2386,3.0
2387,3.0
2388,5.0
2389,4.666666666666667
2390,3.6666666666666665
2391,1.0
2392,5.0
2393,3.5
2394,5.0
2395,5.0
2396,1.0
2397,3.6666666666666665
2398,4.7272727272727275
2399,5.0
2400,2.3333333333333335
2401,4.0
2402,4.0
2403,1.6666666666666667
2404,2.3333333333333335
2405,3.0
2406,4.666666666666667
2407,4.4
2408,1.0
2409,5.0
2410,4.8
2411,4.333333333333333
2412,5.0
2413,5.0
2414,4.5
2415,3.6666666666666665
2416,4.888888888888889
2417,1.0
2418,1.0
2419,3.0
2420,4.2
2421,5.0
2422,4.8
2423,5.0
2424,3.0
2425,5.0
2426,4.0
2427,4.0
2428,1.0
2429,3.0
2430,2.0
2431,5.0
2432,5.0
2433,3.0
2434,3.0
2435,4.6
2436,5.0
2437,5.0
2438,4.75
2439,3.2
2440,5.0
2441,4.0
2442,5.0
2443,4.0
2444,3.1818181818181817
2445,4.5
2446,4.5
2447,1.0
2448,5.0
2449,4.4
2450,5.0
2451,5.0
2452,3.5
2453,4.714285714285714
2454,3.0
2455,1.0
2456,2.75
2457,5.0
2458,3.75
2459,3.2222222222222223
2460,4.666666666666667
2461,5.0
2462,5.0
2463,4.0
2464,5.0
2465,4.5
2466,5.0
2467,4.666666666666667
2468,4.333333333333333
2469,3.7142857142857144
2470,3.5
2471,3.75
2472,4.2
2473,5.0
2474,3.5
2475,3.6
2476,4.714285714285714
2477,5.0
2478,2.0
2479,4.0
2480,3.857142857142857
2481,4.5
2482,3.8
2483,4.5
2484,1.0
2485,1.0
2486,4.0
2487,5.0
2488,5.0
2489,4.833333333333333
2490,5.0
2491,4.769230769230769
2492,3.0
2493,5.0
2494,4.9
2495,4.333333333333333
2496,2.0
2497,2.8181818181818183
2498,4.0
2499,3.5
2500,5.0
2501,5.0
2502,5.0
2503,3.75
2504,4.833333333333333
2505,4.5
2506,4.0
2507,1.0
2508,3.6666666666666665
2509,4.5
2510,3.6
2511,4.75
2512,3.0
2513,4.25
2514,5.0
2515,5.0
2516,3.5
2517,3.0
2518,5.0
2519,5.0
2520,3.0
2521,5.0
2522,3.75
2523,3.3333333333333335
2524,5.0
2525,4.2
2526,5.0
2527,4.0
2528,2.5
2529,1.0
2530,4.333333333333333
2531,5.0
2532,3.0
2533,4.2
2534,3.5555555555555554
2535,1.0
2536,4.833333333333333
2537,3.0
2538,5.0
2539,4.0
2540,5.0
2541,1.0
2542,5.0
2543,3.5714285714285716
2544,1.0
2545,5.0
2546,4.0
2547,4.6
2548,5.0
2549,5.0
2550,5.0
2551,4.0
2552,4.0
2553,1.0
2554,4.75
2555,5.0
2556,3.0
2557,2.0
2558,4.5
2559,4.75
2560,4.5
2561,4.0
2562,4.75
2563,4.333333333333333
2564,5.0
2565,5.0
2566,4.333333333333333
2567,5.0
2568,4.0
2569,5.0
2570,5.0
2571,4.0
2572,2.25
2573,2.5
2574,4.0
2575,4.666666666666667
2576,4.0
2577,3.6666666666666665
2578,5.0
2579,4.5
2580,2.3333333333333335
2581,4.384615384615385
2582,3.0
2583,5.0
2584,4.444444444444445
2585,5.0
2586,1.0
2587,4.666666666666667
2588,3.0
2589,4.0
2590,5.0
2591,3.5
2592,1.0
2593,4.8
2594,5.0
2595,3.0
2596,4.0
2597,3.4
2598,3.0
2599,5.0
2600,1.0
2601,4.0
2602,3.857142857142857
2603,5.0
2604,3.6666666666666665
2605,3.0
2606,3.0
2607,3.25
2608,4.75
2609,5.0
2610,3.3333333333333335
2611,1.0
2612,5.0
2613,5.0
2614,5.0
2615,5.0
2616,4.5
2617,3.0
2618,3.0
2619,5.0
2620,4.142857142857143
2621,3.5
2622,3.5
2623,5.0
2624,4.0
2625,3.4
2626,4.5
2627,3.75
2628,4.0
2629,3.0
2630,5.0
2631,5.0
2632,5.0
2633,5.0
2634,5.0
2635,5.0
2636,5.0
2637,5.0
2638,3.6666666666666665
2639,5.0
2640,5.0
2641,2.3333333333333335
2642,1.0
2643,4.0
2644,1.0
2645,5.0
2646,5.0
2647,4.5
2648,5.0
2649,4.0
2650,5.0
2651,4.75
2652,1.0
2653,1.0
2654,4.8
2655,1.0
2656,
2657,3.0
2658,5.0
2659,4.5
2660,4.5
2661,3.0
2662,5.0
2663,2.5
2664,2.6
2665,3.0
2666,5.0
2667,2.5
2668,4.0
2669,1.0
2670,4.666666666666667
2671,5.0
2672,3.2857142857142856
2673,5.0
2674,5.0
2675,3.1666666666666665
2676,5.0
2677,4.6
2678,3.0
2679,5.0
2680,3.0
2681,4.6
2682,4.5
2683,5.0
2684,5.0
2685,4.666666666666667
2686,4.666666666666667
2687,4.0
2688,5.0
2689,5.0
2690,5.0
2691,3.0
2692,5.0
2693,5.0
2694,5.0
2695,2.6666666666666665
2696,3.0
2697,3.75
2698,1.0
2699,2.5
2700,5.0
2701,3.6666666666666665
2702,5.0
2703,5.0
2704,3.3333333333333335
2705,3.0
2706,4.0
2707,5.0
2708,5.0
2709,4.2
2710,5.0
2711,4.0
2712,5.0
2713,5.0
2714,3.6666666666666665
2715,5.0
2716,4.0
2717,4.333333333333333
2718,5.0
2719,5.0
2720,5.0
2721,5.0
2722,1.0
2723,5.0
2724,3.3333333333333335
2725,1.0
2726,3.0
2727,4.0
2728,5.0
2729,5.0
2730,1.0
2731,5.0
2732,2.6
2733,5.0
2734,1.0
2735,2.0
2736,4.5
2737,1.0
2738,5.0
2739,4.75
2740,5.0
2741,1.5
2742,5.0
2743,4.333333333333333
2744,5.0
2745,4.0
2746,1.0
2747,5.0
2748,3.2
2749,4.333333333333333
2750,1.0
2751,5.0
2752,1.0
2753,4.0
2754,5.0
2755,5.0
2756,1.0
2757,1.0
2758,1.0
2759,3.0
2760,4.0
2761,2.6
2762,5.0
2763,5.0
2764,4.666666666666667
2765,4.428571428571429
2766,5.0
2767,5.0
2768,5.0
2769,2.0
2770,5.0
2771,4.333333333333333
2772,1.0
2773,4.666666666666667
2774,4.8
2775,5.0
2776,3.0
2777,5.0
2778,4.5
2779,1.0
2780,5.0
2781,5.0
2782,1.0
2783,2.0
2784,5.0
2785,2.5
2786,5.0
2787,1.0
2788,4.333333333333333
2789,1.0
2790,5.0
2791,2.3333333333333335
2792,4.0
2793,4.833333333333333
2794,5.0
2795,5.0
2796,4.8
2797,5.0
2798,5.0
2799,5.0
2800,5.0
2801,4.5
2802,5.0
2803,3.8
2804,3.6666666666666665
2805,1.0
2806,
2807,1.0
2808,1.0
2809,5.0
2810,4.5
2811,5.0
2812,1.0
2813,1.0
2814,5.0
2815,1.0
2816,5.0
2817,5.0
2818,3.5
2819,1.0
2820,5.0
2821,5.0
2822,5.0
2823,4.0
2824,5.0
2825,1.0
2826,1.0
2827,5.0
2828,5.0
2829,3.0
2830,2.0
2831,5.0
2832,4.333333333333333
2833,5.0
2834,5.0
2835,4.571428571428571
2836,4.25
2837,5.0
2838,4.0
2839,3.0
2840,5.0
2841,4.5
2842,5.0
2843,1.0
2844,4.0
2845,5.0
2846,5.0
2847,5.0
2848,3.0
2849,5.0
2850,1.0
2851,5.0
2852,5.0
2853,5.0
2854,5.0
2855,1.0
2856,5.0
2857,5.0
2858,5.0
2859,5.0
2860,5.0
2861,5.0
2862,4.0
2863,5.0
2864,4.5
2865,5.0
2866,5.0
2867,4.0
2868,4.5
2869,4.5
2870,3.8
2871,4.333333333333333
2872,4.0
2873,2.0
2874,5.0
2875,4.5
2876,4.5
2877,5.0
2878,5.0
2879,5.0
2880,1.0
2881,
2882,3.0
2883,5.0
2884,5.0
2885,5.0
2886,5.0
2887,5.0
2888,1.0
2889,2.6666666666666665
2890,1.0
2891,4.666666666666667
2892,5.0
2893,1.0
2894,1.0
2895,5.0
2896,5.0
2897,5.0
2898,5.0
2899,5.0
2900,2.5
2901,2.3333333333333335
2902,3.0
2903,5.0
2904,2.3333333333333335
2905,2.0
2906,3.6666666666666665
2907,5.0
2908,5.0
2909,4.0
2910,5.0
2911,3.0
2912,5.0
2913,5.0
2914,5.0
2915,5.0
2916,5.0
2917,5.0
2918,5.0
2919,2.3333333333333335
2920,5.0
2921,1.0
2922,4.5
2923,2.3333333333333335
2924,1.0
2925,5.0
2926,5.0
2927,5.0
2928,5.0
2929,2.6666666666666665
2930,2.5
2931,4.0
2932,4.0
2933,4.5
2934,1.0
2935,5.0
2936,5.0
2937,4.0
2938,4.0
2939,5.0
2940,5.0
2941,5.0
2942,4.0
2943,4.5
2944,5.0
2945,4.0
2946,5.0
2947,5.0
2948,4.0
2949,5.0
2950,4.0
2951,5.0
2952,4.0
2953,5.0
2954,5.0
2955,5.0
2956,5.0
2957,5.0
2958,4.0
2959,3.0
2960,5.0
2961,1.0
2962,5.0
2963,5.0
2964,4.0
2965,5.0
2966,1.0
2967,5.0
2968,4.0
2969,1.0
2970,5.0
2971,5.0
2972,4.5
2973,4.0
2974,5.0
2975,5.0
2976,3.0
2977,4.0
2978,1.0
2979,1.0
2980,1.5
2981,4.0
2982,5.0
2983,3.0
2984,1.0
2985,2.0
2986,5.0
2987,5.0
2988,5.0
2989,2.0
2990,1.0
2991,2.5
2992,5.0
2993,5.0
2994,1.0
2995,1.0
2996,1.0
2997,5.0
2998,1.0
2999,3.5
3000,4.0
3001,5.0
3002,1.0
3003,5.0
3004,4.0
3005,5.0
3006,5.0
3007,3.0
3008,5.0
3009,5.0
3010,5.0
3011,5.0
3012,5.0
3013,2.25
3014,5.0
3015,3.5
3016,5.0
3017,3.0
3018,5.0
3019,5.0
3020,5.0
3021,5.0
3022,5.0
3023,4.5
3024,5.0
3025,4.0
3026,4.0
3027,4.0
3028,5.0
3029,5.0
3030,3.0
3031,4.5
3032,1.0
3033,3.75
3034,2.0
3035,1.0
3036,2.0
3037,2.0
3038,1.0
3039,5.0
3040,1.0
3041,5.0
3042,1.0
3043,5.0
3044,5.0
3045,2.0
3046,4.0
3047,5.0
3048,1.6666666666666667
3049,5.0
3050,2.5
3051,1.0
3052,5.0
3053,5.0
3054,5.0
3055,1.0
3056,5.0
3057,1.0
3058,1.5
3059,1.0
3060,4.0
3061,5.0
3062,1.0
3063,4.0
3064,3.0
3065,5.0
3066,4.0
3067,1.0
3068,1.0
3069,5.0
3070,5.0
3071,1.0
3072,5.0
3073,4.0
3074,5.0
3075,5.0
3076,
3077,5.0
3078,1.0
3079,2.0
3080,4.0
3081,5.0
3082,4.0
3083,5.0
3084,4.0
3085,5.0
3086,3.0
3087,5.0
3088,1.0
3089,5.0
3090,5.0
3091,5.0
3092,1.0
3093,5.0
3094,4.0
3095,5.0
